{"BLEU": [0.3048364960012822, 0.1578699967383051, 0.08617622276342154, 0.048619658656682316], "METEOR": 0.11274711679958921, "ROUGE": 0.29149436098211007, "CIDEr": 0.37033165836749415}