{"BLEU": [0.5661252900231948, 0.36093783603289675, 0.2119972876710148, 0.12418544163482707], "METEOR": 0.16730106730852004, "ROUGE": 0.4078758497752896, "CIDEr": 0.3295063623353983}